{
  "records": [
    {
      "0000": "Paris",
      "0001": "Paris",
      "0002": "Ile-de-France",
      "0003": "2240621"
    },
    {
      "0000": "Marseille",
      "0001": "Bouches-du-Rhone",
      "0002": "Provence-Alpes-Cote d'Azur",
      "0003": "852516"
    },
    {
      "0000": "Lyon",
      "0001": "Metropole de Lyon",
      "0002": "Rhone-Alpes",
      "0003": "496343"
    },
    {
      "0000": "Toulouse",
      "0001": "Haute-Garonne",
      "0002": "Midi-Pyrenees",
      "0003": "453317"
    },
    {
      "0000": "Nice",
      "0001": "Alpes-Maritimes",
      "0002": "Provence-Alpes-Cote d'Azur",
      "0003": "343629"
    },
    {
      "0000": "Nantes",
      "0001": "Loire-Atlantique",
      "0002": "Pays de la Loire",
      "0003": "291604"
    },
    {
      "0000": "Strasbourg",
      "0001": "Bas-Rhin",
      "0002": "Alsace",
      "0003": "274394"
    },
    {
      "0000": "Montpellier",
      "0001": "Herault",
      "0002": "Languedoc-Roussillon",
      "0003": "268456"
    },
    {
      "0000": "Bordeaux",
      "0001": "Gironde",
      "0002": "Aquitaine",
      "0003": "241287"
    },
    {
      "0000": "Lille14",
      "0001": "Nord",
      "0002": "Nord-Pas-de-Calais",
      "0003": "228652"
    },
    {
      "0000": "Rennes",
      "0001": "Ille-et-Vilaine",
      "0002": "Bretagne",
      "0003": "209860"
    },
    {
      "0000": "Reims",
      "0001": "Marne",
      "0002": "Champagne-Ardenne",
      "0003": "181893"
    },
    {
      "0000": "Le Havre",
      "0001": "Seine-Maritime",
      "0002": "Haute-Normandie",
      "0003": "173142"
    },
    {
      "0000": "Saint-Etienne",
      "0001": "Loire",
      "0002": "Rhone-Alpes",
      "0003": "171483"
    },
    {
      "0000": "Toulon",
      "0001": "Var",
      "0002": "Provence-Alpes-Cote d'Azur",
      "0003": "164899"
    },
    {
      "0000": "Grenoble",
      "0001": "Isere",
      "0002": "Rhone-Alpes",
      "0003": "158346"
    },
    {
      "0000": "Dijon",
      "0001": "Cote-d'Or",
      "0002": "Bourgogne",
      "0003": "152071"
    },
    {
      "0000": "Angers",
      "0001": "Maine-et-Loire",
      "0002": "Pays de la Loire",
      "0003": "149017"
    },
    {
      "0000": "Nimes",
      "0001": "Gard",
      "0002": "Languedoc-Roussillon",
      "0003": "146709"
    },
    {
      "0000": "Villeurbanne",
      "0001": "Metropole de Lyon",
      "0002": "Rhone-Alpes",
      "0003": "146282"
    },
    {
      "0000": "Saint-Denis",
      "0001": "La Reunion",
      "0002": "La Reunion",
      "0003": "145238"
    },
    {
      "0000": "Le Mans",
      "0001": "Sarthe",
      "0002": "Pays de la Loire",
      "0003": "143599"
    },
    {
      "0000": "Clermont-Ferrand",
      "0001": "Puy-de-Dome",
      "0002": "Auvergne",
      "0003": "141569"
    },
    {
      "0000": "Aix-en-Provence",
      "0001": "Bouches-du-Rhone",
      "0002": "Provence-Alpes-Cote d'Azur",
      "0003": "141148"
    },
    {
      "0000": "Brest",
      "0001": "Finistere",
      "0002": "Bretagne",
      "0003": "139676"
    },
    {
      "0000": "Limoges",
      "0001": "Haute-Vienne",
      "0002": "Limousin",
      "0003": "136221"
    },
    {
      "0000": "Tours",
      "0001": "Indre-et-Loire",
      "0002": "Centre-Val de Loire",
      "0003": "134978"
    },
    {
      "0000": "Amiens",
      "0001": "Somme",
      "0002": "Picardie",
      "0003": "132727"
    },
    {
      "0000": "Perpignan",
      "0001": "Pyrenees-Orientales",
      "0002": "Languedoc-Roussillon",
      "0003": "120489"
    },
    {
      "0000": "Metz",
      "0001": "Moselle",
      "0002": "Lorraine",
      "0003": "119551"
    },
    {
      "0000": "Boulogne-Billancourt",
      "0001": "Hauts-de-Seine",
      "0002": "Ile-de-France",
      "0003": "117126"
    },
    {
      "0000": "Besançon",
      "0001": "Doubs",
      "0002": "Franche-Comte",
      "0003": "116353"
    },
    {
      "0000": "Orleans",
      "0001": "Loiret",
      "0002": "Centre-Val de Loire",
      "0003": "114286"
    },
    {
      "0000": "Rouen",
      "0001": "Seine-Maritime",
      "0002": "Haute-Normandie",
      "0003": "111557"
    },
    {
      "0000": "Mulhouse",
      "0001": "Haut-Rhin",
      "0002": "Alsace",
      "0003": "110755"
    },
    {
      "0000": "Caen",
      "0001": "Calvados",
      "0002": "Basse-Normandie",
      "0003": "108365"
    },
    {
      "0000": "Saint-Denis",
      "0001": "Seine-Saint-Denis",
      "0002": "Ile-de-France",
      "0003": "108274"
    },
    {
      "0000": "Nancy",
      "0001": "Meurthe-et-Moselle",
      "0002": "Lorraine",
      "0003": "105067"
    },
    {
      "0000": "Argenteuil",
      "0001": "Val-d'Oise",
      "0002": "Ile-de-France",
      "0003": "104962"
    },
    {
      "0000": "Saint-Paul",
      "0001": "La Reunion",
      "0002": "La Reunion",
      "0003": "104646"
    },
    {
      "0000": "Montreuil",
      "0001": "Seine-Saint-Denis",
      "0002": "Ile-de-France",
      "0003": "103520"
    },
    {
      "0000": "Roubaix",
      "0001": "Nord",
      "0002": "Nord-Pas-de-Calais",
      "0003": "94536"
    },
    {
      "0000": "Tourcoing",
      "0001": "Nord",
      "0002": "Nord-Pas-de-Calais",
      "0003": "92707"
    },
    {
      "0000": "Dunkerque15",
      "0001": "Nord",
      "0002": "Nord-Pas-de-Calais",
      "0003": "90995"
    },
    {
      "0000": "Nanterre",
      "0001": "Hauts-de-Seine",
      "0002": "Ile-de-France",
      "0003": "90722"
    },
    {
      "0000": "Creteil",
      "0001": "Val-de-Marne",
      "0002": "Ile-de-France",
      "0003": "89845"
    },
    {
      "0000": "Avignon",
      "0001": "Vaucluse",
      "0002": "Provence-Alpes-Cote d'Azur",
      "0003": "89380"
    },
    {
      "0000": "Vitry-sur-Seine",
      "0001": "Val-de-Marne",
      "0002": "Ile-de-France",
      "0003": "88102"
    },
    {
      "0000": "Poitiers",
      "0001": "Vienne",
      "0002": "Poitou-Charentes",
      "0003": "87646"
    },
    {
      "0000": "Courbevoie",
      "0001": "Hauts-de-Seine",
      "0002": "Ile-de-France",
      "0003": "86854"
    },
    {
      "0000": "Fort-de-France",
      "0001": "Martinique",
      "0002": "Martinique",
      "0003": "85667"
    },
    {
      "0000": "Versailles",
      "0001": "Yvelines",
      "0002": "Ile-de-France",
      "0003": "85424"
    },
    {
      "0000": "Colombes",
      "0001": "Hauts-de-Seine",
      "0002": "Ile-de-France",
      "0003": "85357"
    },
    {
      "0000": "Asnieres-sur-Seine",
      "0001": "Hauts-de-Seine",
      "0002": "Ile-de-France",
      "0003": "83845"
    },
    {
      "0000": "Aulnay-sous-Bois",
      "0001": "Seine-Saint-Denis",
      "0002": "Ile-de-France",
      "0003": "81899"
    },
    {
      "0000": "Saint-Pierre",
      "0001": "La Reunion",
      "0002": "La Reunion",
      "0003": "80823"
    },
    {
      "0000": "Rueil-Malmaison",
      "0001": "Hauts-de-Seine",
      "0002": "Ile-de-France",
      "0003": "79563"
    },
    {
      "0000": "Pau",
      "0001": "Pyrenees-Atlantiques",
      "0002": "Aquitaine",
      "0003": "78506"
    },
    {
      "0000": "Aubervilliers",
      "0001": "Seine-Saint-Denis",
      "0002": "Ile-de-France",
      "0003": "77032"
    },
    {
      "0000": "Champigny-sur-Marne",
      "0001": "Val-de-Marne",
      "0002": "Ile-de-France",
      "0003": "75869"
    },
    {
      "0000": "Le Tampon",
      "0001": "La Reunion",
      "0002": "La Reunion",
      "0003": "75631"
    },
    {
      "0000": "Antibes",
      "0001": "Alpes-Maritimes",
      "0002": "Provence-Alpes-Cote d'Azur",
      "0003": "75568"
    },
    {
      "0000": "Saint-Maur-des-Fosses",
      "0001": "Val-de-Marne",
      "0002": "Ile-de-France",
      "0003": "74176"
    },
    {
      "0000": "La Rochelle",
      "0001": "Charente-Maritime",
      "0002": "Poitou-Charentes",
      "0003": "74123"
    },
    {
      "0000": "Cannes",
      "0001": "Alpes-Maritimes",
      "0002": "Provence-Alpes-Cote d'Azur",
      "0003": "73603"
    },
    {
      "0000": "Beziers",
      "0001": "Herault",
      "0002": "Languedoc-Roussillon",
      "0003": "72970"
    },
    {
      "0000": "Calais",
      "0001": "Pas-de-Calais",
      "0002": "Nord-Pas-de-Calais",
      "0003": "72589"
    },
    {
      "0000": "Saint-Nazaire",
      "0001": "Loire-Atlantique",
      "0002": "Pays de la Loire",
      "0003": "67940"
    },
    {
      "0000": "Colmar",
      "0001": "Haut-Rhin",
      "0002": "Alsace",
      "0003": "67257"
    },
    {
      "0000": "Drancy",
      "0001": "Seine-Saint-Denis",
      "0002": "Ile-de-France",
      "0003": "67181"
    },
    {
      "0000": "Bourges",
      "0001": "Cher",
      "0002": "Centre-Val de Loire",
      "0003": "66666"
    },
    {
      "0000": "Merignac",
      "0001": "Gironde",
      "0002": "Aquitaine",
      "0003": "66660"
    },
    {
      "0000": "Ajaccio",
      "0001": "Corse-du-Sud",
      "0002": "Corse",
      "0003": "66245"
    },
    {
      "0000": "Issy-les-Moulineaux",
      "0001": "Hauts-de-Seine",
      "0002": "Ile-de-France",
      "0003": "65322"
    },
    {
      "0000": "Levallois-Perret",
      "0001": "Hauts-de-Seine",
      "0002": "Ile-de-France",
      "0003": "64654"
    },
    {
      "0000": "La Seyne-sur-Mer",
      "0001": "Var",
      "0002": "Provence-Alpes-Cote d'Azur",
      "0003": "63902"
    },
    {
      "0000": "Quimper",
      "0001": "Finistere",
      "0002": "Bretagne",
      "0003": "63360"
    },
    {
      "0000": "Noisy-le-Grand",
      "0001": "Seine-Saint-Denis",
      "0002": "Ile-de-France",
      "0003": "62592"
    },
    {
      "0000": "Valence",
      "0001": "Drome",
      "0002": "Rhone-Alpes",
      "0003": "62481"
    },
    {
      "0000": "Villeneuve-d'Ascq",
      "0001": "Nord",
      "0002": "Nord-Pas-de-Calais",
      "0003": "62308"
    },
    {
      "0000": "Neuilly-sur-Seine",
      "0001": "Hauts-de-Seine",
      "0002": "Ile-de-France",
      "0003": "62021"
    },
    {
      "0000": "Antony",
      "0001": "Hauts-de-Seine",
      "0002": "Ile-de-France",
      "0003": "61624"
    },
    {
      "0000": "Venissieux",
      "0001": "Metropole de Lyon",
      "0002": "Rhone-Alpes",
      "0003": "61183"
    },
    {
      "0000": "Cergy",
      "0001": "Val-d'Oise",
      "0002": "Ile-de-France",
      "0003": "60528"
    },
    {
      "0000": "Troyes",
      "0001": "Aube",
      "0002": "Champagne-Ardenne",
      "0003": "60009"
    },
    {
      "0000": "Clichy",
      "0001": "Hauts-de-Seine",
      "0002": "Ile-de-France",
      "0003": "59240"
    },
    {
      "0000": "Pessac",
      "0001": "Gironde",
      "0002": "Aquitaine",
      "0003": "59223"
    },
    {
      "0000": "Les Abymes",
      "0001": "Guadeloupe",
      "0002": "Guadeloupe",
      "0003": "58606"
    },
    {
      "0000": "Ivry-sur-Seine",
      "0001": "Val-de-Marne",
      "0002": "Ile-de-France",
      "0003": "58579"
    },
    {
      "0000": "Chambery",
      "0001": "Savoie",
      "0002": "Rhone-Alpes",
      "0003": "58039"
    },
    {
      "0000": "Lorient",
      "0001": "Morbihan",
      "0002": "Bretagne",
      "0003": "57706"
    },
    {
      "0000": "Niort",
      "0001": "Deux-Sevres",
      "0002": "Poitou-Charentes",
      "0003": "57607"
    },
    {
      "0000": "Sarcelles",
      "0001": "Val-d'Oise",
      "0002": "Ile-de-France",
      "0003": "57499"
    },
    {
      "0000": "Montauban",
      "0001": "Tarn-et-Garonne",
      "0002": "Midi-Pyrenees",
      "0003": "56887"
    },
    {
      "0000": "Villejuif",
      "0001": "Val-de-Marne",
      "0002": "Ile-de-France",
      "0003": "56504"
    },
    {
      "0000": "Saint-Quentin",
      "0001": "Aisne",
      "0002": "Picardie",
      "0003": "56217"
    },
    {
      "0000": "Hyeres",
      "0001": "Var",
      "0002": "Provence-Alpes-Cote d'Azur",
      "0003": "55402"
    },
    {
      "0000": "Cayenne",
      "0001": "Guyane",
      "0002": "Guyane",
      "0003": "55198"
    },
    {
      "0000": "Epinay-sur-Seine",
      "0001": "Seine-Saint-Denis",
      "0002": "Ile-de-France",
      "0003": "55140"
    },
    {
      "0000": "Saint-Andre",
      "0001": "La Reunion",
      "0002": "La Reunion",
      "0003": "54721"
    },
    {
      "0000": "Beauvais",
      "0001": "Oise",
      "0002": "Picardie",
      "0003": "54289"
    },
    {
      "0000": "Maisons-Alfort",
      "0001": "Val-de-Marne",
      "0002": "Ile-de-France",
      "0003": "54186"
    },
    {
      "0000": "Cholet",
      "0001": "Maine-et-Loire",
      "0002": "Pays de la Loire",
      "0003": "54181"
    },
    {
      "0000": "Meaux",
      "0001": "Seine-et-Marne",
      "0002": "Ile-de-France",
      "0003": "53623"
    },
    {
      "0000": "Chelles",
      "0001": "Seine-et-Marne",
      "0002": "Ile-de-France",
      "0003": "53247"
    },
    {
      "0000": "Pantin",
      "0001": "Seine-Saint-Denis",
      "0002": "Ile-de-France",
      "0003": "53060"
    },
    {
      "0000": "Fontenay-sous-Bois",
      "0001": "Val-de-Marne",
      "0002": "Ile-de-France",
      "0003": "52998"
    },
    {
      "0000": "La Roche-sur-Yon",
      "0001": "Vendee",
      "0002": "Pays de la Loire",
      "0003": "52808"
    },
    {
      "0000": "Bondy",
      "0001": "Seine-Saint-Denis",
      "0002": "Ile-de-France",
      "0003": "52787"
    },
    {
      "0000": "Vannes",
      "0001": "Morbihan",
      "0002": "Bretagne",
      "0003": "52648"
    },
    {
      "0000": "Saint-Louis",
      "0001": "La Reunion",
      "0002": "La Reunion",
      "0003": "52614"
    },
    {
      "0000": "Frejus",
      "0001": "Var",
      "0002": "Provence-Alpes-Cote d'Azur",
      "0003": "52532"
    },
    {
      "0000": "Arles",
      "0001": "Bouches-du-Rhone",
      "0002": "Provence-Alpes-Cote d'Azur",
      "0003": "52439"
    },
    {
      "0000": "Clamart",
      "0001": "Hauts-de-Seine",
      "0002": "Ile-de-France",
      "0003": "52408"
    },
    {
      "0000": "Evry",
      "0001": "Essonne",
      "0002": "Ile-de-France",
      "0003": "52349"
    },
    {
      "0000": "Le Blanc-Mesnil",
      "0001": "Seine-Saint-Denis",
      "0002": "Ile-de-France",
      "0003": "52213"
    },
    {
      "0000": "Narbonne",
      "0001": "Aude",
      "0002": "Languedoc-Roussillon",
      "0003": "51869"
    },
    {
      "0000": "Sartrouville",
      "0001": "Yvelines",
      "0002": "Ile-de-France",
      "0003": "51713"
    },
    {
      "0000": "Grasse",
      "0001": "Alpes-Maritimes",
      "0002": "Provence-Alpes-Cote d'Azur",
      "0003": "51021"
    },
    {
      "0000": "Annecy",
      "0001": "Haute-Savoie",
      "0002": "Rhone-Alpes",
      "0003": "50943"
    },
    {
      "0000": "Laval",
      "0001": "Mayenne",
      "0002": "Pays de la Loire",
      "0003": "50658"
    },
    {
      "0000": "Belfort",
      "0001": "Territoire de Belfort",
      "0002": "Franche-Comte",
      "0003": "50102"
    },
    {
      "0000": "Vincennes",
      "0001": "Val-de-Marne",
      "0002": "Ile-de-France",
      "0003": "49831"
    },
    {
      "0000": "Charleville-Mezieres",
      "0001": "Ardennes",
      "0002": "Champagne-Ardenne",
      "0003": "49759"
    },
    {
      "0000": "Evreux",
      "0001": "Eure",
      "0002": "Haute-Normandie",
      "0003": "49634"
    },
    {
      "0000": "Sevran",
      "0001": "Seine-Saint-Denis",
      "0002": "Ile-de-France",
      "0003": "49442"
    },
    {
      "0000": "Albi",
      "0001": "Tarn",
      "0002": "Midi-Pyrenees",
      "0003": "49231"
    },
    {
      "0000": "Montrouge",
      "0001": "Hauts-de-Seine",
      "0002": "Ile-de-France",
      "0003": "48909"
    },
    {
      "0000": "Bobigny",
      "0001": "Seine-Saint-Denis",
      "0002": "Ile-de-France",
      "0003": "48496"
    },
    {
      "0000": "Martigues",
      "0001": "Bouches-du-Rhone",
      "0002": "Provence-Alpes-Cote d'Azur",
      "0003": "47624"
    },
    {
      "0000": "Saint-Ouen",
      "0001": "Seine-Saint-Denis",
      "0002": "Ile-de-France",
      "0003": "47499"
    },
    {
      "0000": "Brive-la-Gaillarde",
      "0001": "Correze",
      "0002": "Limousin",
      "0003": "47411"
    },
    {
      "0000": "Suresnes",
      "0001": "Hauts-de-Seine",
      "0002": "Ile-de-France",
      "0003": "47263"
    },
    {
      "0000": "Carcassonne",
      "0001": "Aude",
      "0002": "Languedoc-Roussillon",
      "0003": "47068"
    },
    {
      "0000": "Cagnes-sur-Mer",
      "0001": "Alpes-Maritimes",
      "0002": "Provence-Alpes-Cote d'Azur",
      "0003": "46686"
    },
    {
      "0000": "Corbeil-Essonnes",
      "0001": "Essonne",
      "0002": "Ile-de-France",
      "0003": "46017"
    },
    {
      "0000": "Saint-Brieuc",
      "0001": "Cotes-d'Armor",
      "0002": "Bretagne",
      "0003": "45936"
    },
    {
      "0000": "Blois",
      "0001": "Loir-et-Cher",
      "0002": "Centre-Val de Loire",
      "0003": "45903"
    },
    {
      "0000": "Bayonne",
      "0001": "Pyrenees-Atlantiques",
      "0002": "Aquitaine",
      "0003": "45855"
    },
    {
      "0000": "Aubagne",
      "0001": "Bouches-du-Rhone",
      "0002": "Provence-Alpes-Cote d'Azur",
      "0003": "45243"
    },
    {
      "0000": "Chalons-en-Champagne",
      "0001": "Marne",
      "0002": "Champagne-Ardenne",
      "0003": "45225"
    },
    {
      "0000": "Meudon",
      "0001": "Hauts-de-Seine",
      "0002": "Ile-de-France",
      "0003": "45107"
    },
    {
      "0000": "Chateauroux",
      "0001": "Indre",
      "0002": "Centre-Val de Loire",
      "0003": "44960"
    },
    {
      "0000": "Saint-Malo",
      "0001": "Ille-et-Vilaine",
      "0002": "Bretagne",
      "0003": "44620"
    },
    {
      "0000": "Chalon-sur-Saone",
      "0001": "Saone-et-Loire",
      "0002": "Bourgogne",
      "0003": "44564"
    },
    {
      "0000": "Sete",
      "0001": "Herault",
      "0002": "Languedoc-Roussillon",
      "0003": "44558"
    },
    {
      "0000": "Puteaux",
      "0001": "Hauts-de-Seine",
      "0002": "Ile-de-France",
      "0003": "44514"
    },
    {
      "0000": "Alfortville",
      "0001": "Val-de-Marne",
      "0002": "Ile-de-France",
      "0003": "44397"
    },
    {
      "0000": "Salon-de-Provence",
      "0001": "Bouches-du-Rhone",
      "0002": "Provence-Alpes-Cote d'Azur",
      "0003": "43771"
    },
    {
      "0000": "Massy",
      "0001": "Essonne",
      "0002": "Ile-de-France",
      "0003": "43524"
    },
    {
      "0000": "Mantes-la-Jolie",
      "0001": "Yvelines",
      "0002": "Ile-de-France",
      "0003": "43515"
    },
    {
      "0000": "Bastia",
      "0001": "Haute-Corse",
      "0002": "Corse",
      "0003": "43479"
    },
    {
      "0000": "Vaulx-en-Velin",
      "0001": "Metropole de Lyon",
      "0002": "Rhone-Alpes",
      "0003": "43394"
    },
    {
      "0000": "Saint-Herblain",
      "0001": "Loire-Atlantique",
      "0002": "Pays de la Loire",
      "0003": "43287"
    },
    {
      "0000": "Le Cannet",
      "0001": "Alpes-Maritimes",
      "0002": "Provence-Alpes-Cote d'Azur",
      "0003": "43115"
    },
    {
      "0000": "Valenciennes",
      "0001": "Nord",
      "0002": "Nord-Pas-de-Calais",
      "0003": "42989"
    },
    {
      "0000": "Istres",
      "0001": "Bouches-du-Rhone",
      "0002": "Provence-Alpes-Cote d'Azur",
      "0003": "42944"
    },
    {
      "0000": "Gennevilliers",
      "0001": "Hauts-de-Seine",
      "0002": "Ile-de-France",
      "0003": "42919"
    },
    {
      "0000": "Boulogne-sur-Mer",
      "0001": "Pas-de-Calais",
      "0002": "Nord-Pas-de-Calais",
      "0003": "42785"
    },
    {
      "0000": "Livry-Gargan",
      "0001": "Seine-Saint-Denis",
      "0002": "Ile-de-France",
      "0003": "42699"
    },
    {
      "0000": "Saint-Priest",
      "0001": "Metropole de Lyon",
      "0002": "Rhone-Alpes",
      "0003": "42488"
    },
    {
      "0000": "Rosny-sous-Bois",
      "0001": "Seine-Saint-Denis",
      "0002": "Ile-de-France",
      "0003": "42080"
    },
    {
      "0000": "Caluire-et-Cuire",
      "0001": "Metropole de Lyon",
      "0002": "Rhone-Alpes",
      "0003": "42038"
    },
    {
      "0000": "Angoulême",
      "0001": "Charente",
      "0002": "Poitou-Charentes",
      "0003": "42014"
    },
    {
      "0000": "Douai",
      "0001": "Nord",
      "0002": "Nord-Pas-de-Calais",
      "0003": "41732"
    },
    {
      "0000": "Tarbes",
      "0001": "Hautes-Pyrenees",
      "0002": "Midi-Pyrenees",
      "0003": "41664"
    },
    {
      "0000": "Wattrelos",
      "0001": "Nord",
      "0002": "Nord-Pas-de-Calais",
      "0003": "41633"
    },
    {
      "0000": "Castres",
      "0001": "Tarn",
      "0002": "Midi-Pyrenees",
      "0003": "41529"
    },
    {
      "0000": "Choisy-le-Roi",
      "0001": "Val-de-Marne",
      "0002": "Ile-de-France",
      "0003": "41507"
    },
    {
      "0000": "Talence",
      "0001": "Gironde",
      "0002": "Aquitaine",
      "0003": "41358"
    },
    {
      "0000": "Thionville",
      "0001": "Moselle",
      "0002": "Lorraine",
      "0003": "41325"
    },
    {
      "0000": "Arras",
      "0001": "Pas-de-Calais",
      "0002": "Nord-Pas-de-Calais",
      "0003": "41239"
    },
    {
      "0000": "Ales",
      "0001": "Gard",
      "0002": "Languedoc-Roussillon",
      "0003": "41031"
    },
    {
      "0000": "Garges-les-Gonesse",
      "0001": "Val-d'Oise",
      "0002": "Ile-de-France",
      "0003": "41001"
    },
    {
      "0000": "Gap",
      "0001": "Hautes-Alpes",
      "0002": "Provence-Alpes-Cote d'Azur",
      "0003": "40761"
    },
    {
      "0000": "Saint-Laurent-du-Maroni",
      "0001": "Guyane",
      "0002": "Guyane",
      "0003": "40597"
    },
    {
      "0000": "Melun",
      "0001": "Seine-et-Marne",
      "0002": "Ile-de-France",
      "0003": "40503"
    },
    {
      "0000": "Bourg-en-Bresse",
      "0001": "Ain",
      "0002": "Rhone-Alpes",
      "0003": "40171"
    },
    {
      "0000": "Noisy-le-Sec",
      "0001": "Seine-Saint-Denis",
      "0002": "Ile-de-France",
      "0003": "40161"
    },
    {
      "0000": "Compiegne",
      "0001": "Oise",
      "0002": "Picardie",
      "0003": "40028"
    },
    {
      "0000": "La Courneuve",
      "0001": "Seine-Saint-Denis",
      "0002": "Ile-de-France",
      "0003": "39859"
    },
    {
      "0000": "Le Lamentin",
      "0001": "Martinique",
      "0002": "Martinique",
      "0003": "39700"
    },
    {
      "0000": "Marcq-en-Barœul",
      "0001": "Nord",
      "0002": "Nord-Pas-de-Calais",
      "0003": "39600"
    },
    {
      "0000": "Saint-Germain-en-Laye",
      "0001": "Yvelines",
      "0002": "Ile-de-France",
      "0003": "39476"
    },
    {
      "0000": "Reze",
      "0001": "Loire-Atlantique",
      "0002": "Pays de la Loire",
      "0003": "39377"
    },
    {
      "0000": "Bron",
      "0001": "Metropole de Lyon",
      "0002": "Rhone-Alpes",
      "0003": "39232"
    },
    {
      "0000": "Anglet",
      "0001": "Pyrenees-Atlantiques",
      "0002": "Aquitaine",
      "0003": "39223"
    },
    {
      "0000": "Gagny",
      "0001": "Seine-Saint-Denis",
      "0002": "Ile-de-France",
      "0003": "39172"
    },
    {
      "0000": "Chartres",
      "0001": "Eure-et-Loir",
      "0002": "Centre-Val de Loire",
      "0003": "38889"
    },
    {
      "0000": "Bagneux",
      "0001": "Hauts-de-Seine",
      "0002": "Ile-de-France",
      "0003": "38398"
    },
    {
      "0000": "Saint-Martin-d'Heres",
      "0001": "Isere",
      "0002": "Rhone-Alpes",
      "0003": "38105"
    },
    {
      "0000": "Montluçon",
      "0001": "Allier",
      "0002": "Auvergne",
      "0003": "38072"
    },
    {
      "0000": "Pontault-Combault",
      "0001": "Seine-et-Marne",
      "0002": "Ile-de-France",
      "0003": "37631"
    },
    {
      "0000": "Poissy",
      "0001": "Yvelines",
      "0002": "Ile-de-France",
      "0003": "37597"
    },
    {
      "0000": "Draguignan",
      "0001": "Var",
      "0002": "Provence-Alpes-Cote d'Azur",
      "0003": "37476"
    },
    {
      "0000": "Joue-les-Tours",
      "0001": "Indre-et-Loire",
      "0002": "Centre-Val de Loire",
      "0003": "37196"
    },
    {
      "0000": "Savigny-sur-Orge",
      "0001": "Essonne",
      "0002": "Ile-de-France",
      "0003": "37135"
    },
    {
      "0000": "Cherbourg-Octeville",
      "0001": "Manche",
      "0002": "Basse-Normandie",
      "0003": "37121"
    },
    {
      "0000": "Saint-Joseph",
      "0001": "La Reunion",
      "0002": "La Reunion",
      "0003": "37069"
    },
    {
      "0000": "Le Port",
      "0001": "La Reunion",
      "0002": "La Reunion",
      "0003": "36952"
    },
    {
      "0000": "Colomiers",
      "0001": "Haute-Garonne",
      "0002": "Midi-Pyrenees",
      "0003": "36699"
    },
    {
      "0000": "Saint-Martin",
      "0001": "Saint-Martin est une COM autonome",
      "0002": "",
      "0003": "36622"
    },
    {
      "0000": "Villefranche-sur-Saone",
      "0001": "Rhone",
      "0002": "Rhone-Alpes",
      "0003": "36241"
    },
    {
      "0000": "Stains",
      "0001": "Seine-Saint-Denis",
      "0002": "Ile-de-France",
      "0003": "36155"
    },
    {
      "0000": "Saint-Benoit",
      "0001": "La Reunion",
      "0002": "La Reunion",
      "0003": "36025"
    },
    {
      "0000": "Echirolles",
      "0001": "Isere",
      "0002": "Rhone-Alpes",
      "0003": "35826"
    },
    {
      "0000": "Villepinte",
      "0001": "Seine-Saint-Denis",
      "0002": "Ile-de-France",
      "0003": "35820"
    },
    {
      "0000": "Roanne",
      "0001": "Loire",
      "0002": "Rhone-Alpes",
      "0003": "35799"
    },
    {
      "0000": "Montelimar",
      "0001": "Drome",
      "0002": "Rhone-Alpes",
      "0003": "35704"
    },
    {
      "0000": "Saint-Chamond",
      "0001": "Loire",
      "0002": "Rhone-Alpes",
      "0003": "35564"
    },
    {
      "0000": "Nevers",
      "0001": "Nievre",
      "0002": "Bourgogne",
      "0003": "35327"
    },
    {
      "0000": "Conflans-Sainte-Honorine",
      "0001": "Yvelines",
      "0002": "Ile-de-France",
      "0003": "35135"
    },
    {
      "0000": "Auxerre",
      "0001": "Yonne",
      "0002": "Bourgogne",
      "0003": "35096"
    },
    {
      "0000": "Sainte-Genevieve-des-Bois",
      "0001": "Essonne",
      "0002": "Ile-de-France",
      "0003": "35035"
    },
    {
      "0000": "Chatillon",
      "0001": "Hauts-de-Seine",
      "0002": "Ile-de-France",
      "0003": "34960"
    },
    {
      "0000": "Bagnolet",
      "0001": "Seine-Saint-Denis",
      "0002": "Ile-de-France",
      "0003": "34920"
    },
    {
      "0000": "Vitrolles",
      "0001": "Bouches-du-Rhone",
      "0002": "Provence-Alpes-Cote d'Azur",
      "0003": "34843"
    },
    {
      "0000": "Thonon-les-Bains",
      "0001": "Haute-Savoie",
      "0002": "Rhone-Alpes",
      "0003": "34661"
    },
    {
      "0000": "Neuilly-sur-Marne",
      "0001": "Seine-Saint-Denis",
      "0002": "Ile-de-France",
      "0003": "34658"
    },
    {
      "0000": "Haguenau",
      "0001": "Bas-Rhin",
      "0002": "Alsace",
      "0003": "34406"
    },
    {
      "0000": "Marignane",
      "0001": "Bouches-du-Rhone",
      "0002": "Provence-Alpes-Cote d'Azur",
      "0003": "34405"
    },
    {
      "0000": "Saint-Raphaël",
      "0001": "Var",
      "0002": "Provence-Alpes-Cote d'Azur",
      "0003": "34115"
    },
    {
      "0000": "Tremblay-en-France",
      "0001": "Seine-Saint-Denis",
      "0002": "Ile-de-France",
      "0003": "34081"
    },
    {
      "0000": "La Ciotat",
      "0001": "Bouches-du-Rhone",
      "0002": "Provence-Alpes-Cote d'Azur",
      "0003": "34063"
    },
    {
      "0000": "Six-Fours-les-Plages",
      "0001": "Var",
      "0002": "Provence-Alpes-Cote d'Azur",
      "0003": "34057"
    },
    {
      "0000": "Creil",
      "0001": "Oise",
      "0002": "Picardie",
      "0003": "33936"
    },
    {
      "0000": "Agen",
      "0001": "Lot-et-Garonne",
      "0002": "Aquitaine",
      "0003": "33730"
    },
    {
      "0000": "Romans-sur-Isere",
      "0001": "Drome",
      "0002": "Rhone-Alpes",
      "0003": "33701"
    },
    {
      "0000": "Montigny-le-Bretonneux",
      "0001": "Yvelines",
      "0002": "Ile-de-France",
      "0003": "33680"
    },
    {
      "0000": "Le Perreux-sur-Marne",
      "0001": "Val-de-Marne",
      "0002": "Ile-de-France",
      "0003": "33248"
    },
    {
      "0000": "Franconville",
      "0001": "Val-d'Oise",
      "0002": "Ile-de-France",
      "0003": "33196"
    },
    {
      "0000": "Annemasse",
      "0001": "Haute-Savoie",
      "0002": "Rhone-Alpes",
      "0003": "33166"
    },
    {
      "0000": "Villeneuve-Saint-Georges",
      "0001": "Val-de-Marne",
      "0002": "Ile-de-France",
      "0003": "32994"
    },
    {
      "0000": "Saint-Leu",
      "0001": "La Reunion",
      "0002": "La Reunion",
      "0003": "32971"
    },
    {
      "0000": "Macon",
      "0001": "Saone-et-Loire",
      "0002": "Bourgogne",
      "0003": "32917"
    },
    {
      "0000": "Cambrai",
      "0001": "Nord",
      "0002": "Nord-Pas-de-Calais",
      "0003": "32847"
    },
    {
      "0000": "Lens",
      "0001": "Pas-de-Calais",
      "0002": "Nord-Pas-de-Calais",
      "0003": "32663"
    },
    {
      "0000": "Houilles",
      "0001": "Yvelines",
      "0002": "Ile-de-France",
      "0003": "32399"
    },
    {
      "0000": "Epinal",
      "0001": "Vosges",
      "0002": "Lorraine",
      "0003": "32387"
    },
    {
      "0000": "Chatenay-Malabry",
      "0001": "Hauts-de-Seine",
      "0002": "Ile-de-France",
      "0003": "32198"
    },
    {
      "0000": "Schiltigheim",
      "0001": "Bas-Rhin",
      "0002": "Alsace",
      "0003": "31691"
    },
    {
      "0000": "Sainte-Marie",
      "0001": "La Reunion",
      "0002": "La Reunion",
      "0003": "31596"
    },
    {
      "0000": "Lievin",
      "0001": "Pas-de-Calais",
      "0002": "Nord-Pas-de-Calais",
      "0003": "31580"
    },
    {
      "0000": "Chatellerault",
      "0001": "Vienne",
      "0002": "Poitou-Charentes",
      "0003": "31537"
    },
    {
      "0000": "Meyzieu",
      "0001": "Metropole de Lyon",
      "0002": "Rhone-Alpes",
      "0003": "31493"
    },
    {
      "0000": "Goussainville",
      "0001": "Val-d'Oise",
      "0002": "Ile-de-France",
      "0003": "31255"
    },
    {
      "0000": "Viry-Chatillon",
      "0001": "Essonne",
      "0002": "Ile-de-France",
      "0003": "31221"
    },
    {
      "0000": "Dreux",
      "0001": "Eure-et-Loir",
      "0002": "Centre-Val de Loire",
      "0003": "31195"
    },
    {
      "0000": "L'Hay-les-Roses",
      "0001": "Val-de-Marne",
      "0002": "Ile-de-France",
      "0003": "31168"
    },
    {
      "0000": "Plaisir",
      "0001": "Yvelines",
      "0002": "Ile-de-France",
      "0003": "31119"
    },
    {
      "0000": "Mont-de-Marsan",
      "0001": "Landes",
      "0002": "Aquitaine",
      "0003": "31018"
    },
    {
      "0000": "Maubeuge",
      "0001": "Nord",
      "0002": "Nord-Pas-de-Calais",
      "0003": "30994"
    },
    {
      "0000": "Nogent-sur-Marne",
      "0001": "Val-de-Marne",
      "0002": "Ile-de-France",
      "0003": "30884"
    },
    {
      "0000": "Les Mureaux",
      "0001": "Yvelines",
      "0002": "Ile-de-France",
      "0003": "30760"
    },
    {
      "0000": "Clichy-sous-Bois",
      "0001": "Seine-Saint-Denis",
      "0002": "Ile-de-France",
      "0003": "30720"
    },
    {
      "0000": "La Possession",
      "0001": "La Reunion",
      "0002": "La Reunion",
      "0003": "30653"
    },
    {
      "0000": "Dieppe",
      "0001": "Seine-Maritime",
      "0002": "Haute-Normandie",
      "0003": "30632"
    },
    {
      "0000": "Chatou",
      "0001": "Yvelines",
      "0002": "Ile-de-France",
      "0003": "30585"
    },
    {
      "0000": "Vandoeuvre-les-Nancy",
      "0001": "Meurthe-et-Moselle",
      "0002": "Lorraine",
      "0003": "30569"
    },
    {
      "0000": "Malakoff",
      "0001": "Hauts-de-Seine",
      "0002": "Ile-de-France",
      "0003": "30420"
    },
    {
      "0000": "Palaiseau",
      "0001": "Essonne",
      "0002": "Ile-de-France",
      "0003": "30268"
    },
    {
      "0000": "Pontoise",
      "0001": "Val-d'Oise",
      "0002": "Ile-de-France",
      "0003": "30164"
    },
    {
      "0000": "Charenton-le-Pont",
      "0001": "Val-de-Marne",
      "0002": "Ile-de-France",
      "0003": "30148"
    },
    {
      "0000": "Rillieux-la-Pape",
      "0001": "Metropole de Lyon",
      "0002": "Rhone-Alpes",
      "0003": "30140"
    },
    {
      "0000": "Rillieux-la-Pape",
      "0001": "",
      "0002": "Rhone-Alpes",
      "0003": "0"
    },
    {
      "0000": "Rillieux-la-Pape",
      "0001": "",
      "0002": "Rhone-Alpes",
      "0003": "0"
    }
  ]
}